{
    "bystate\/telugu-saree.png": {
        "forehead-pendant": {
            "x": 21.81453607978959,
            "y": 12.50135159488196
        },
        "hair-jewellery": {
            "x": 83.42491080961433,
            "y": 11.726437195891151
        },
        "earrings-stud": {
            "x": 82.47962292648629,
            "y": 29.94233195170301
        },
        "earrings-drops": {
            "x": 77.03966042550975,
            "y": 37.91674175527122
        },
        "ear-loops": {
            "x": 82.85721725996719,
            "y": 32.52658136601189
        },
        "nose-pin": {
            "x": 28.777896408947683,
            "y": 25.55054964858533
        },
        "choker-necklace": {
            "x": 28.176349574229835,
            "y": 44.930618129392684
        },
        "short-necklace": {
            "x": 66.80815603760318,
            "y": 52.55361326365111
        },
        "long-necklace": {
            "x": 71.01637978177652,
            "y": 58.9025049558479
        },
        "multiple-bangles": {
            "x": 0,
            "y": 72.70859614344927
        },
        "bracelet": {
            "x": 27.34564204057186,
            "y": 55.265813660118944
        },
        "single-bangle": {
            "x": 0,
            "y": 63.92322941070463
        },
        "rings": {
            "x": 23.002005156115725,
            "y": 35.49828797981618
        },
        "waist-belt": {
            "x": 1.9114085570688264,
            "y": 94.04216976031718
        },
        "anklet": {
            "x": 63.26918569828911,
            "y": 68.25373941250675
        },
        "toe-ring": {
            "x": 91.55490742428583,
            "y": 57.85006307442783
        }
    }
}