{
    "bystate\/telugu-saree.png": {
        "desktop": {
            "forehead-pendant": {
                "x": 19.708333333333332,
                "y": 12.283589441687791
            },
            "hair-jewellery": {
                "x": 80.91319444444444,
                "y": 11.685269063953
            },
            "earrings-stud": {
                "x": 84.18923611111111,
                "y": 29.93764492448909
            },
            "earrings-drops": {
                "x": 25.756944444444446,
                "y": 37.91284706786971
            },
            "ear-loops": {
                "x": 75.37152777777779,
                "y": 32.53997813367294
            },
            "nose-pin": {
                "x": 87.9375,
                "y": 25.41059435560415
            },
            "choker-necklace": {
                "x": 82.55381944444444,
                "y": 45.062655437146326
            },
            "short-necklace": {
                "x": 82.05208333333334,
                "y": 52.43713430970889
            },
            "long-necklace": {
                "x": 85.16666666666667,
                "y": 58.47800752105535
            },
            "multiple-bangles": {
                "x": 0,
                "y": 73.20774212151431
            },
            "bracelet": {
                "x": 3.5972222222222223,
                "y": 55.781961481623874
            },
            "single-bangle": {
                "x": 3.1875,
                "y": 64.26777840519986
            },
            "rings": {
                "x": 0,
                "y": 35.58924945634544
            },
            "waist-belt": {
                "x": 87.41319444444444,
                "y": 93.83057200869848
            },
            "anklet": {
                "x": 91.88194444444444,
                "y": 68.74556966587771
            },
            "toe-ring": {
                "x": 91.56770833333333,
                "y": 63.516874316677274
            }
        },
        "mobile": {
            "forehead-pendant": {
                "x": 0,
                "y": 11.134226024788303
            },
            "hair-jewellery": {
                "x": 63.675000000000004,
                "y": 3.6215535175364058
            },
            "earrings-stud": {
                "x": 67.35833333333333,
                "y": 13.920712590465586
            },
            "earrings-drops": {
                "x": 3.7583333333333337,
                "y": 42.09616455214041
            },
            "ear-loops": {
                "x": 75.49583333333332,
                "y": 31.008819479035427
            },
            "nose-pin": {
                "x": 5.35,
                "y": 17.45729438307598
            },
            "choker-necklace": {
                "x": 67.73333333333333,
                "y": 53.50874622754842
            },
            "short-necklace": {
                "x": 60.15833333333334,
                "y": 64.6722728471388
            },
            "long-necklace": {
                "x": 49,
                "y": 90.19895103870608
            },
            "multiple-bangles": {
                "x": 1.7083333333333333,
                "y": 80.03457470186645
            },
            "bracelet": {
                "x": 4.841666666666667,
                "y": 59.05827888306132
            },
            "single-bangle": {
                "x": 5.3125,
                "y": 65.70951390313223
            },
            "rings": {
                "x": 6.550000000000001,
                "y": 24.120249641067716
            },
            "waist-belt": {
                "x": 7.425,
                "y": 89.74772187875413
            },
            "anklet": {
                "x": 79.475,
                "y": 72.16150487854904
            },
            "toe-ring": {
                "x": 82.13333333333334,
                "y": 89.4986668229365
            }
        }
    }
}