{
    "bystate\/telugu-saree.png": {
        "forehead-pendant": {
            "x": 6.576388888888888,
            "y": 13.093364410750544
        },
        "hair-jewellery": {
            "x": 83.42708333333333,
            "y": 11.726118246368628
        },
        "earrings-stud": {
            "x": 76.26909722222223,
            "y": 29.65290209412132
        },
        "earrings-drops": {
            "x": 77.04166666666666,
            "y": 37.91765285403626
        },
        "ear-loops": {
            "x": 88.50868055555556,
            "y": 33.10105366861701
        },
        "nose-pin": {
            "x": 23.45659722222222,
            "y": 25.58720699722466
        },
        "choker-necklace": {
            "x": 76.90972222222221,
            "y": 44.96774116035707
        },
        "short-necklace": {
            "x": 75.26388888888889,
            "y": 52.41911261158435
        },
        "long-necklace": {
            "x": 79.36979166666667,
            "y": 58.690663558924946
        },
        "multiple-bangles": {
            "x": 0,
            "y": 72.71034325327695
        },
        "bracelet": {
            "x": 0,
            "y": 55.515240349380655
        },
        "single-bangle": {
            "x": 0,
            "y": 63.92416469429193
        },
        "rings": {
            "x": 31.624999999999996,
            "y": 35.99653983396009
        },
        "waist-belt": {
            "x": 1.9114583333333335,
            "y": 94.0444294931097
        },
        "anklet": {
            "x": 44.21180555555556,
            "y": 66.3510867083969
        },
        "toe-ring": {
            "x": 88.34722222222223,
            "y": 87.0111614383718
        }
    }
}