{
    "bystate\/telugu-saree.png": {
        "forehead-pendant": {
            "x": 0,
            "y": 12.134610070524912
        },
        "hair-jewellery": {
            "x": 83.42708333333333,
            "y": 11.726118246368628
        },
        "earrings-stud": {
            "x": 76.26909722222223,
            "y": 29.65290209412132
        },
        "earrings-drops": {
            "x": 77.04166666666666,
            "y": 37.91765285403626
        },
        "ear-loops": {
            "x": 88.50868055555556,
            "y": 33.10105366861701
        },
        "nose-pin": {
            "x": 0,
            "y": 25.184722405776554
        },
        "choker-necklace": {
            "x": 8.598958333333332,
            "y": 44.94971946223253
        },
        "short-necklace": {
            "x": 75.26388888888889,
            "y": 52.41911261158435
        },
        "long-necklace": {
            "x": 79.36979166666667,
            "y": 58.690663558924946
        },
        "multiple-bangles": {
            "x": 0,
            "y": 72.71034325327695
        },
        "bracelet": {
            "x": 0,
            "y": 55.515240349380655
        },
        "single-bangle": {
            "x": 0,
            "y": 63.92416469429193
        },
        "rings": {
            "x": 0,
            "y": 35.74784039984141
        },
        "waist-belt": {
            "x": 1.9114583333333335,
            "y": 94.0444294931097
        },
        "anklet": {
            "x": 63.27083333333333,
            "y": 68.25537947689017
        },
        "toe-ring": {
            "x": 88.34722222222223,
            "y": 87.0111614383718
        }
    }
}